epoch,train_loss,train_accuracy,val_loss,val_accuracy
1,2.0386673202675016,0.30040253176441134,2.3349439398406897,0.3147776368930215
