experiment_name,model_type,run_dir,test_samples,overall_accuracy,macro_precision,macro_recall,macro_f1,macro_fpr,best_val_accuracy,best_epoch
resnet1d_baseline,resnet1d,experiments\resnet1d_baseline_20260513_004424,511056,0.5897533734072196,0.6671423438963399,0.5897533734072196,0.5942353750062991,0.01783680985186002,0.5901486334178642,29
cnn_lstm_baseline,cnn_lstm,experiments\cnn_lstm_baseline_20260512_062159,511056,0.5605530509376663,0.6085292768263354,0.5605530509376663,0.5604256068652645,0.01910638908966668,0.5607056760902914,37
cnn1d_baseline,cnn1d,experiments\cnn1d_baseline_20260511_180658,511056,0.3272733320810244,0.3916972492384285,0.3272733320810243,0.30847493936235976,0.029248985561694595,0.3272205002974234,12
